{"f1": [69.0, 93, 93, 93, 93, 93], "f2": [23104.63626937941, 5648.6099585680495, 17768.99378310066, 14906.476092473044, 11673.420891346395, 13155.958354182289]}