{"f1_values": [47.0, 100, 72, 82, 66, 88, 85, 89, 78, 82, 84, 86, 90, 90, 84, 76, 72, 89, 73, 83, 87, 83, 88, 66, 64, 86, 87, 89, 84, 89, 88, 75], "f2_values": [26386.452878896456, 21600.850666608432, 22524.952580203277, 22338.567434704782, 22517.26049415146, 22016.169228837203, 22217.33779396612, 22000.057926761714, 22250.908190106296, 22037.27177239941, 22010.099882968432, 21887.334688163566, 21896.6032868223, 21922.991193854883, 21952.58754938406, 22271.81856321058, 22550.15115414944, 21838.03946721547, 22185.515241408822, 21959.10494079528, 21934.98287875161, 22000.601594163218, 21826.047234237547, 22468.617631059966, 22762.07246057912, 21950.036380067315, 21837.008817686048, 21847.01714879229, 22095.252951432332, 21806.059832533243, 22137.70443657211, 22398.604557488416], "is_eligible_solution": [true, false, false, true, true, true, true, true, true, true, false, false, false, true, false, true, true, true, true, false, false, true, true, false, true, true, true, true, false, false, false, false, true, false, true, true, true, false, false, true, true, false, true, true, false, false, false, true, true, false, false, true, true, false, true, false, true, true, false, false, false, true, true, true, false, false, true, true, true, true, true, true, true, true, false, true, false, true, true, true, true, true, true, false, true, true, true, true, false, true]}