{"f1_values": [47.0, 100, 47, 49, 51, 53, 55, 57, 60, 61, 63, 65, 67, 69, 71, 73, 75, 77, 79, 81, 83, 85, 87, 89, 91, 93, 95, 97, 99], "f2_values": [26351.853168212587, 20262.658240907447, 20926.348741366884, 21016.079424311873, 21023.968091283496, 21448.86242130952, 21336.454671046664, 22116.772776154146, 22034.739381868123, 22104.22374075227, 21742.07133905066, 21484.58483589826, 22219.9934637279, 22038.952180844353, 21660.206002141236, 21410.39908188167, 21556.824762247328, 20804.788421912166, 21287.63313954844, 20770.687973868546, 21280.830232356733, 20916.240311029964, 20164.102062012724, 19682.408297317557, 19189.176984341437, 20213.76226207198, 20251.954622497946, 18921.122960329925, 19568.327045287573], "is_eligible_solution": [true, true, false, false, false, false, false, false, false, true, false, true, true, true, true, true, true, true, true, true, true, true, true, true, true, true, true, true, true]}