{"f1_values": [47.0, 99, 72, 73, 83, 88, 76, 77, 72, 70, 86, 74, 70, 87, 76, 68, 86, 78, 73, 68, 78, 77, 73, 79, 88, 89, 81, 69, 86, 84, 76, 59], "f2_values": [26386.452878896456, 21688.128759516632, 22395.216993974365, 22439.15898581044, 22109.5265955856, 21877.445858848736, 22170.15154780012, 22226.447180937746, 22682.369615977965, 22629.141144944988, 21968.756017960513, 22223.437385698457, 22584.635852609215, 21781.279618285473, 22459.714576521015, 22659.94151317548, 22087.18853817475, 22353.652813855217, 22562.681020700595, 22556.82421878312, 22272.821714683792, 22167.811828026235, 22491.29017214908, 22183.249993672718, 21971.221922561745, 21897.78914514282, 22047.28857088888, 22418.6574399733, 21982.004966029, 22019.637022356612, 22291.70578137781, 22957.64885162528], "is_eligible_solution": [true, true, false, true, true, false, false, false, false, false, false, false, false, true, true, false, false, false, true, true, false, true, false, true, true, false, false, false, true, false, false, false, false, true, true, true, false, false, false, true, true, true, false, false, false, false, false, false, false, false, false, false, true, true, false, false, true, true, false, true]}