{"f1_values": [47.0, 99, 78, 80, 78, 81, 66, 87, 62, 88, 78, 70, 68, 81, 88, 79, 75, 76, 69, 82, 82, 80, 86, 66, 77, 74, 71, 73, 75, 82, 69, 87], "f2_values": [26386.452878896456, 21688.128759516632, 22415.36211574297, 22326.388506737858, 22094.702012360784, 22156.978196964847, 22541.36657333208, 22045.66808411256, 22968.772085760924, 21902.465344629072, 22440.949319031395, 22731.176383427115, 22516.421711402072, 22236.55911509641, 21982.745325481388, 22184.011244393907, 22160.209212306687, 22235.458211259003, 22756.508139932164, 22121.89992287105, 22011.954164939092, 22266.820526430813, 22183.232643576932, 22607.03920114627, 22074.4921734486, 22347.720472319776, 22495.467136243045, 22241.306168859282, 22290.831121843203, 22125.902135433233, 22473.64162502023, 21979.575590983026], "is_eligible_solution": [true, true, false, true, true, false, false, false, false, false, false, false, false, true, true, false, false, false, true, true, false, true, false, true, true, false, false, false, true, false]}