{"f1_values": [47.0, 100, 47, 49, 51, 53, 56, 57, 60, 61, 63, 65, 67, 69, 71, 73, 75, 77, 79, 80, 83, 85, 87, 89, 91, 93, 95, 97, 99], "f2_values": [26351.853168212587, 18894.878148737524, 20871.5059970141, 21098.418098617196, 21062.560133123417, 21412.43270994526, 21749.1550175247, 21468.995288749546, 21563.468722625446, 21344.04319785423, 21784.00938972411, 21484.805269957276, 21872.993218329895, 22242.51274394469, 21525.42266413413, 21267.066533299454, 21442.55911494677, 21582.06877015027, 20501.247721984844, 21837.18176288438, 21687.845288249468, 20613.025663148375, 19698.373905631917, 19798.19495055636, 19361.755882053556, 19300.61510919198, 19754.893374447198, 19606.004902634097, 19820.57006469311], "is_eligible_solution": [true, true, false, false, false, false, false, false, false, false, false, true, true, true, true, true, true, true, true, true, true, true, true, true, true, true, true, true, true]}