{"f1_values": [47.0, 100, 47, 49, 51, 54, 56, 57, 60, 61, 63, 65, 67, 69, 71, 73, 75, 77, 79, 81, 83, 85, 87, 89, 91, 93, 95, 97, 99], "f2_values": [26351.853168212587, 20262.658240907447, 21262.03063093097, 21189.56303983532, 21557.23837226036, 21353.294125247434, 21512.400671649764, 22057.89080543196, 21567.170749299443, 22162.382752603666, 22142.16522832105, 22235.657643408013, 21694.707114443776, 21720.361190969576, 21948.79407687634, 21540.16264532269, 21832.38338092684, 21923.143947843953, 21181.436133685886, 21134.18495562838, 21362.90633028322, 20667.432312317153, 20116.84457710892, 20465.176806553423, 20104.64209070595, 19688.45625792424, 20382.609527284756, 19855.08464295731, 19498.413740329772], "is_eligible_solution": [true, true, false, false, false, false, false, false, false, true, false, true, true, true, true, true, true, true, true, true, true, true, true, true, true, true, true, true, true]}