{"f1_values": [47.0, 100, 47, 49, 51, 54, 55, 56, 60, 61, 63, 65, 67, 69, 71, 73, 75, 77, 79, 81, 83, 85, 87, 89, 91, 93, 95, 97, 99], "f2_values": [26351.853168212587, 20262.658240907447, 21346.860671438742, 21208.653451115664, 21429.1223004644, 21814.960554980124, 21563.85399278743, 21652.470459051914, 21730.483049203955, 22012.654655576007, 22064.66148768682, 21395.70077407781, 22223.818111089546, 21447.236776299313, 21919.339254829283, 20981.12992961458, 21260.808326563212, 21434.524307028612, 21398.74926545747, 21202.09993411813, 21088.0901258474, 20555.19003055056, 20185.676778144927, 19771.4791853561, 20268.439150646307, 19513.109416299514, 19549.019706367657, 19057.083347534557, 19503.773956958863], "is_eligible_solution": [true, true, false, false, false, false, false, false, false, true, false, true, true, true, true, true, true, true, true, true, true, true, true, true, true, true, true, true, true]}