{"f1": [66.0, 94, 93, 93, 93, 93, 93], "f2": [26579.78015795711, 22956.645377879187, 23152.54580079016, 23152.54580079016, 23152.54580079016, 23152.54580079016, 23152.54580079016]}