{"f1_values": [47.0, 100, 67, 66, 67, 67, 67, 71, 66, 67, 66, 67, 68, 66, 67, 71, 67, 67, 67, 72, 74, 67, 71, 67, 67, 66, 74, 67, 67, 67, 67, 67], "f2_values": [26351.853168212587, 21244.626023013025, 22180.57301896315, 22091.406554141562, 22180.57301896315, 22110.686225595862, 22180.57301896315, 21711.397651707455, 22050.50728574701, 22088.44220125844, 22091.406554141562, 22084.115600448447, 22084.444411667806, 22024.814531030577, 22180.57301896315, 21745.41728445087, 22180.57301896315, 22180.57301896315, 22180.57301896315, 21894.71714409833, 21504.97016306284, 22043.216332053897, 21728.78147157045, 22180.57301896315, 22100.575233560638, 22060.18646271683, 21562.35366603501, 22100.575233560638, 22062.74944654201, 22180.57301896315, 22180.57301896315, 22100.575233560638], "is_eligible_solution": [true, true, true, true, true, true, true, true, true, true, true, true, true, true, true, true, true, true, true, true, true, true, true, true, true, true, true, true, true, true, true, true]}