{"f1": [47.0, 100, 84, 85, 88, 99, 100, 100, 90, 100, 100, 99, 98, 100, 100, 85, 94, 95, 99, 100, 100, 85, 99, 99, 100, 100, 99, 98, 94, 100, 98, 100, 99, 100, 100, 85, 86, 100, 100, 91, 84, 100, 100, 95, 90, 100, 100, 99, 98, 100, 94, 94], "f2": [26563.121071936814, 20659.613844371608, 22342.15855923704, 22453.422848007238, 21480.420052345056, 21264.421673289715, 20459.0593117529, 21183.244110610667, 21890.911895987665, 20825.913373596122, 20522.821353595828, 21584.72759042865, 20650.98626169404, 20411.035303660425, 20703.45472663181, 22017.28230642251, 21437.817111491768, 20601.507717592493, 21291.129060170555, 20611.338403786158, 21398.212838060914, 21867.96213885017, 21226.569919589023, 20735.250697468942, 21660.24779160334, 21035.075695580374, 21505.525006292177, 20972.851685018868, 21129.921288954447, 21027.992528099225, 20752.75031191245, 21224.790332443543, 21617.00200424866, 20970.546330035515, 20338.872360333888, 21985.166726535434, 22570.83307907694, 21166.206336993415, 20757.81099219712, 21065.754885160288, 22353.819430889707, 21426.958183684714, 21108.25185980199, 21330.686775176975, 21357.262531975113, 21043.685387924736, 21070.85860556435, 21214.583276626952, 20774.286198063397, 21326.98963479135, 21026.275620319768, 20666.256903666523]}