{"f1_values": [47.0, 100, 47, 49, 51, 54, 55, 57, 59, 61, 63, 65, 67, 69, 71, 73, 75, 77, 79, 81, 83, 85, 87, 89, 91, 93, 94, 97, 99], "f2_values": [26351.853168212587, 20262.658240907447, 20889.58228042988, 20703.95387275823, 21464.493246003352, 21047.579734354695, 21192.47527622893, 21663.41949477435, 22049.655087349878, 21720.75976177869, 21867.78066866193, 22172.033079717876, 21795.269637535694, 22183.060398537415, 21736.621683413825, 21201.120871197756, 21057.93649895425, 21430.460734323224, 21021.075471732227, 21921.627339663686, 21117.838180015173, 20948.665831325117, 19604.162319296152, 20307.58624992337, 19905.732463933793, 19766.182090741273, 20362.10826110805, 20112.582629928296, 19384.371505441257], "is_eligible_solution": [true, true, false, false, false, false, false, false, false, false, true, true, true, true, true, true, true, true, true, true, true, true, true, true, true, true, true, true, true]}