{"f1_values": [47.0, 100, 67, 67, 67, 67, 67, 67, 83, 67, 67, 67, 76, 67, 67, 96, 67, 66, 66, 67, 67, 97], "f2_values": [26351.853168212587, 19650.015388388183, 22139.673750568596, 22129.341469652994, 22081.456157526216, 22180.57301896315, 22180.57301896315, 22060.090003619778, 21075.896543390525, 22100.368456100277, 22129.341469652994, 22180.57301896315, 21295.832515564485, 22139.673750568596, 22180.57301896315, 19974.38621932988, 22180.57301896315, 22024.814531030577, 22024.814531030577, 22129.341469652994, 22180.57301896315, 20074.28936667565], "is_eligible_solution": [true, true, true, true, true, true, true, true, true, true, true, true, true, true, true, true, true, true, true, true, true, true]}