{"f1_values": [47.0, 100, 68, 67, 69, 68, 67, 66, 67, 66, 69, 68, 67, 67, 66, 67, 65, 67, 66, 65, 66, 65, 97, 67, 67, 67, 69, 79, 73, 66, 100, 66], "f2_values": [26351.853168212587, 19650.015388388183, 21638.005811028775, 21911.264714808156, 21583.273907351657, 21557.277119251794, 21840.457626811138, 21982.364203826062, 21879.58691850606, 21911.563430550505, 21283.493702014966, 21529.45461694706, 22041.94276087445, 21671.707803875484, 21342.294059418364, 21950.358565586535, 21670.967270098517, 21999.289498457332, 22137.351221815377, 22227.764349733643, 21989.262293414296, 22187.583958094707, 20051.23400262244, 22000.26762527305, 21959.55158632475, 22034.9851892886, 21709.075460604683, 20965.99414288657, 20910.482374824005, 21691.558041240532, 19865.311039822165, 21796.68759935735], "is_eligible_solution": [true, true, true, true, true, true, true, true, true, true, true, true, true, true, true, true, true, true, true, true, true, true, true, true, true, true, true, true, true, true, true, true]}