{"f1_values": [47.0, 100, 66, 67, 67, 66, 67, 84, 66, 88, 67, 66, 67, 93, 67, 71, 67, 67, 67, 67, 67, 67, 67, 67, 67, 67, 67, 78, 67, 67, 89, 66, 67, 67, 66, 67, 67, 67, 67, 67, 67, 66], "f2_values": [26351.853168212587, 20810.759078071405, 22091.406554141562, 22049.772234124197, 22119.4875321347, 22091.981583758832, 22129.341469652994, 20828.750730529737, 22041.274164142767, 20497.242625042683, 22084.115600448447, 22091.981583758832, 22023.66544095407, 20473.727933597358, 22100.368456100277, 21792.725554264547, 22180.57301896315, 22081.456157526216, 22119.4875321347, 22119.4875321347, 22084.115600448447, 22100.575233560638, 22180.57301896315, 22084.115600448447, 22100.368456100277, 22180.57301896315, 22180.57301896315, 21478.562743251558, 22180.57301896315, 22180.57301896315, 20969.793068860447, 22022.155088108346, 22100.575233560638, 22084.115600448447, 22041.274164142767, 22119.4875321347, 22084.115600448447, 22100.575233560638, 22180.57301896315, 22180.57301896315, 22180.57301896315, 22091.981583758832], "is_eligible_solution": [true, true, true, true, true, true, true, true, true, true, true, true, true, true, true, true, true, true, true, true, true, true, true, true, true, true, true, true, true, true, true, true, true, true, true, true, true, true, true, true, true, true]}