{"f1_values": [47.0, 100, 67, 70, 84, 73, 100, 67, 73, 68, 81, 67, 67, 68, 100, 69, 66, 86, 69, 70, 67, 67, 67, 86, 69, 67, 68, 100, 65, 68, 67, 72], "f2_values": [26351.853168212587, 19650.015388388183, 21979.714264934664, 21097.849342550773, 20378.422865035198, 21234.7250316237, 19830.931423832357, 21962.35468518217, 21102.558846867025, 21577.06809663612, 20653.690871220602, 21987.059013325095, 22008.147627955124, 21670.016378937093, 20100.376648423888, 21423.32548586297, 21956.87240379415, 20685.226232442317, 21435.75551007634, 21716.001869515192, 21999.48593789588, 21873.834515321476, 22090.194483226274, 20476.449882671965, 21126.12521526641, 21973.23227463906, 21482.220120614154, 19753.702187920735, 21905.612153311824, 21242.92616261093, 21967.255724154875, 20984.75581492777], "is_eligible_solution": [true, true, true, true, true, true, true, true, true, true, true, true, true, true, true, true, true, true, true, true, true, true, true, true, true, true, true, true, true, true, true, true]}