{"f1_values": [47.0, 100, 71, 67, 67, 67, 67, 72, 67, 69, 67, 72, 67, 67, 73, 67, 71, 67, 67, 67, 67, 67, 70, 67, 69, 67, 67, 67, 71, 67, 67, 67], "f2_values": [26351.853168212587, 21244.626023013025, 21869.83952873715, 22079.2090796542, 22119.4875321347, 22079.2090796542, 22180.57301896315, 21741.41451209077, 22180.57301896315, 21974.993294686683, 22110.686225595862, 21773.433168159063, 22100.368456100277, 22180.57301896315, 21837.047733116033, 22059.426333994656, 21834.910591655018, 22084.115600448447, 22180.57301896315, 22180.57301896315, 22180.57301896315, 22180.57301896315, 21822.624028459213, 22098.12137822826, 22029.943147312337, 22180.57301896315, 22180.57301896315, 22119.4875321347, 21875.310356574366, 22110.686225595862, 22119.4875321347, 22180.57301896315], "is_eligible_solution": [true, true, true, true, true, true, true, true, true, true, true, true, true, true, true, true, true, true, true, true, true, true, true, true, true, true, true, true, true, true, true, true]}