{"f1_values": [47.0, 100, 67, 69, 66, 69, 67, 67, 71, 68, 64, 74, 65, 65, 64, 67, 66, 66, 68, 69, 67, 70, 73, 67, 66, 68, 67, 69, 63, 65, 66, 66], "f2_values": [26351.853168212587, 19650.015388388183, 22009.892663837225, 21141.138995712958, 21875.28423058618, 21187.406034831267, 21674.926316671623, 22016.538925513843, 20743.89346603143, 21609.93336958568, 22272.190922663303, 20969.074166873448, 21995.71066447278, 22026.47235952211, 22178.94176017302, 22032.508575870695, 22179.111358584007, 22091.725251719276, 21545.18432871593, 21246.302305131736, 22091.995573553122, 21312.68807388141, 21052.831186758838, 21825.83516860274, 22128.026042724025, 21283.560544950415, 22031.86080528116, 21314.744687751772, 22208.415239524475, 22279.600314251653, 21407.764811460595, 22049.275833494397], "is_eligible_solution": [true, true, true, true, true, true, true, true, true, true, true, true, true, true, true, true, true, true, true, true, true, true, true, true, true, true, true, true, true, true, true, true]}