{"f1_values": [47.0, 100, 67, 66, 67, 67, 67, 66, 67, 85, 72, 86, 67, 67, 98, 94, 67, 67, 76, 67, 67, 67, 67, 66, 67, 67, 66, 67, 66, 67, 67, 75, 67, 70, 67, 67, 67, 66, 67, 67, 91, 67], "f2_values": [26351.853168212587, 20810.759078071405, 22180.57301896315, 22006.183756886585, 22180.57301896315, 22180.57301896315, 22180.57301896315, 22041.274164142767, 22180.57301896315, 21165.057310293872, 21791.4377282495, 20607.698154070495, 22180.57301896315, 22180.57301896315, 20280.312227542414, 20514.6649595546, 22180.57301896315, 22110.686225595862, 21471.753181041066, 22180.57301896315, 22084.115600448447, 22180.57301896315, 22180.57301896315, 22091.981583758832, 22180.57301896315, 22033.983210449653, 22041.067386682407, 22129.341469652994, 22031.531424264456, 22180.57301896315, 22081.456157526216, 21554.441577642807, 22100.575233560638, 21708.681216794543, 22100.575233560638, 22084.115600448447, 22180.57301896315, 22091.406554141562, 22180.57301896315, 22180.57301896315, 20732.404139878443, 22084.115600448447], "is_eligible_solution": [true, true, true, true, true, true, true, true, true, true, true, true, true, true, true, true, true, true, true, true, true, true, true, true, true, true, true, true, true, true, true, true, true, true, true, true, true, true, true, true, true, true]}