{"f1_values": [47.0, 100, 66, 96, 67, 70, 98, 67, 69, 68, 67, 100, 67, 71, 94, 71, 71, 67, 66, 67, 73, 68, 96, 75, 67, 67, 66, 96, 67, 66, 69, 69], "f2_values": [26351.853168212587, 19650.015388388183, 22027.28093349281, 19464.910703178542, 21963.559468769177, 21629.651369918203, 19714.892795525237, 22007.4230249968, 21037.64693817175, 21697.968175893762, 22018.18082055408, 20005.232629739683, 22071.10569235174, 21171.235214474073, 19807.56116794979, 21052.891180199877, 21064.38631822596, 21945.425173419433, 22031.020909685787, 21930.701076397556, 20707.571201994346, 21315.65693250969, 20135.119241150678, 20478.145740020507, 21802.18365396608, 22007.907892484796, 21950.87402783086, 19773.742807494236, 21541.10828792718, 22183.218994898463, 21473.439479619406, 21232.1257109881], "is_eligible_solution": [true, true, true, true, true, true, true, true, true, true, true, true, true, true, true, true, true, true, true, true, true, true, true, true, true, true, true, true, true, true, true, true]}