{"f1_values": [47.0, 100, 67, 67, 67, 66, 64, 78, 66, 68, 69, 68, 66, 66, 64, 66, 100, 68, 63, 71, 67, 72, 76, 67, 66, 69, 66, 67, 70, 67, 67, 69], "f2_values": [26351.853168212587, 19650.015388388183, 22004.639840602653, 21988.411054618486, 21976.2361947549, 21994.721905925882, 22161.909068380523, 20031.04400265966, 22261.12117495261, 21601.405300078277, 21246.178428764306, 21379.905202804228, 22266.76260477577, 21919.64894003316, 21944.206604900548, 21932.860131291593, 19678.735825619195, 21566.425446994137, 22217.154534382877, 21433.728779868088, 21510.66030964691, 21275.77565293452, 20535.60681631316, 22082.112994894505, 22034.305545399824, 21413.57867366419, 22176.293843748386, 21994.96664561476, 21027.728177057033, 22050.721516902908, 22063.649401440925, 21140.75622469164], "is_eligible_solution": [true, true, true, true, true, true, true, true, true, true, true, true, true, true, true, true, true, true, true, true, true, true, true, true, true, true, true, true, true, true, true, true]}