{"f1_values": [47.0, 100, 67, 96, 66, 67, 67, 67, 66, 66, 88, 67, 66, 67, 66, 73, 66, 67, 67, 90, 67, 67, 67, 81, 85, 67, 92, 67, 67, 67, 67, 74, 66, 67, 67, 82, 67, 67, 67, 67, 67, 77], "f2_values": [26351.853168212587, 20810.759078071405, 22090.257464065056, 20628.558186245955, 22010.485887783438, 22180.57301896315, 22090.257464065056, 22119.4875321347, 22091.406554141562, 22091.406554141562, 20797.796414303422, 22180.57301896315, 22030.956394647186, 22119.4875321347, 22091.406554141562, 21809.754345486235, 22091.406554141562, 22180.57301896315, 22110.686225595862, 20958.550580804724, 22180.57301896315, 22090.257464065056, 22129.341469652994, 21173.53983012718, 21124.519434921185, 22180.57301896315, 20621.3127140926, 22023.66544095407, 22180.57301896315, 22180.57301896315, 22139.673750568596, 21548.87110839763, 21976.37865919967, 22180.57301896315, 22180.57301896315, 21039.568443424032, 22060.090003619778, 22180.57301896315, 22069.786957201308, 22060.090003619778, 22084.115600448447, 21589.124286696748], "is_eligible_solution": [true, true, true, true, true, true, true, true, true, true, true, true, true, true, true, true, true, true, true, true, true, true, true, true, true, true, true, true, true, true, true, true, true, true, true, true, true, true, true, true, true, true]}