{"f1_values": [47.0, 100, 67, 95, 67, 66, 67, 67, 67, 67, 67, 67, 67, 67, 67, 88, 67, 97, 66, 67, 67, 67], "f2_values": [26351.853168212587, 19650.015388388183, 22081.456157526216, 20161.360853894817, 22180.57301896315, 22091.406554141562, 22100.368456100277, 22180.57301896315, 22180.57301896315, 22180.57301896315, 22180.57301896315, 22180.57301896315, 22180.57301896315, 22180.57301896315, 22084.115600448447, 20896.979037819685, 22004.54636491965, 20023.191112076714, 22011.837318612765, 22033.432650745523, 22084.115600448447, 22180.57301896315], "is_eligible_solution": [true, true, true, true, true, true, true, true, true, true, true, true, true, true, true, true, true, true, true, true, true, true]}