{"f1_values": [47.0, 100, 67, 86, 67, 67, 67, 92, 86, 96, 66, 67, 83, 75, 67, 79, 67, 67, 67, 67, 67, 67, 67, 66, 67, 67, 79, 67, 67, 67, 67, 67, 84, 67, 84, 67, 67, 66, 67, 67, 67, 67], "f2_values": [26351.853168212587, 20810.759078071405, 22090.257464065056, 21043.653105485708, 22180.57301896315, 22180.57301896315, 22180.57301896315, 20695.38663047665, 21036.24219940526, 20471.979212355043, 22091.981583758832, 22059.469187705727, 21158.149930083695, 21685.551908467813, 22180.57301896315, 21441.955043244536, 22100.368456100277, 22062.74944654201, 22129.341469652994, 22090.257464065056, 22139.673750568596, 22084.115600448447, 22180.57301896315, 22091.406554141562, 22180.57301896315, 22084.115600448447, 21068.99819209852, 22180.57301896315, 22180.57301896315, 22033.983210449653, 22084.115600448447, 22180.57301896315, 21087.780955907278, 22180.57301896315, 20768.6685899101, 22110.686225595862, 22180.57301896315, 22030.956394647186, 22180.57301896315, 22180.57301896315, 22180.57301896315, 22078.58826374015], "is_eligible_solution": [true, true, true, true, true, true, true, true, true, true, true, true, true, true, true, true, true, true, true, true, true, true, true, true, true, true, true, true, true, true, true, true, true, true, true, true, true, true, true, true, true, true]}