{"f1_values": [47.0, 100, 67, 67, 67, 95, 66, 67, 67, 67, 67, 67, 67, 67, 67, 67, 66, 93, 67, 82, 67, 67], "f2_values": [26351.853168212587, 19650.015388388183, 22180.57301896315, 22081.456157526216, 22090.257464065056, 20449.060848820598, 22091.406554141562, 22084.115600448447, 22084.115600448447, 22180.57301896315, 22129.341469652994, 22180.57301896315, 22180.57301896315, 22180.57301896315, 22129.341469652994, 22180.57301896315, 22011.837318612765, 19969.232828483047, 22180.57301896315, 20756.779379524658, 22084.115600448447, 22071.138388030635], "is_eligible_solution": [true, true, true, true, true, true, true, true, true, true, true, true, true, true, true, true, true, true, true, true, true, true]}