{"f1_values": [47.0, 100, 67, 76, 67, 67, 67, 67, 72, 67, 66, 73, 67, 67, 70, 67, 71, 66, 67, 76, 66, 66, 67, 69, 67, 66, 67, 72, 68, 67, 66, 67], "f2_values": [26351.853168212587, 21244.626023013025, 22180.57301896315, 21448.57080151054, 22180.57301896315, 22180.57301896315, 22180.57301896315, 22180.57301896315, 21848.735704977058, 22100.575233560638, 22025.389560647847, 21695.63054985548, 22084.115600448447, 22119.4875321347, 21776.912503737225, 22100.575233560638, 21797.02828731572, 22091.406554141562, 22049.772234124197, 21535.718126729076, 22091.981583758832, 22030.956394647186, 22023.66544095407, 21973.643311342235, 22129.341469652994, 22025.389560647847, 22180.57301896315, 21720.940089109044, 21984.944549492644, 22110.686225595862, 22041.849193760037, 22180.57301896315], "is_eligible_solution": [true, true, true, true, true, true, true, true, true, true, true, true, true, true, true, true, true, true, true, true, true, true, true, true, true, true, true, true, true, true, true, true]}