{"f1_values": [47.0, 100, 66, 67, 66, 67, 67, 67, 67, 67, 72, 66, 70, 67, 78, 66, 69, 67, 66, 67, 67, 67, 67, 67, 66, 67, 67, 67, 67, 67, 67, 70], "f2_values": [26351.853168212587, 21244.626023013025, 22091.406554141562, 22180.57301896315, 22091.981583758832, 22139.673750568596, 22180.57301896315, 22119.4875321347, 22180.57301896315, 22180.57301896315, 21616.941594012387, 22091.406554141562, 21687.40815546802, 22129.341469652994, 21313.81609455355, 22091.981583758832, 21931.542664430293, 22180.57301896315, 22091.981583758832, 22084.115600448447, 22180.57301896315, 22180.57301896315, 22180.57301896315, 22110.686225595862, 22091.981583758832, 22084.115600448447, 22180.57301896315, 22180.57301896315, 22180.57301896315, 22052.895509023714, 22180.57301896315, 21908.541214154873], "is_eligible_solution": [true, true, true, true, true, true, true, true, true, true, true, true, true, true, true, true, true, true, true, true, true, true, true, true, true, true, true, true, true, true, true, true]}