{"f1_values": [47.0, 100, 67, 67, 67, 67, 67, 67, 67, 67, 86, 66, 67, 67, 67, 67, 67, 67, 66, 67, 98, 99], "f2_values": [26351.853168212587, 19650.015388388183, 22119.4875321347, 22180.57301896315, 22129.341469652994, 22180.57301896315, 22180.57301896315, 22180.57301896315, 22071.138388030635, 22180.57301896315, 20674.655589644655, 22011.837318612765, 22180.57301896315, 22180.57301896315, 22180.57301896315, 22084.115600448447, 22071.138388030635, 22084.115600448447, 22022.155088108346, 22180.57301896315, 19930.400288586105, 20268.791462570352], "is_eligible_solution": [true, true, true, true, true, true, true, true, true, true, true, true, true, true, true, true, true, true, true, true, true, true]}