{"f1_values": [47.0, 100, 67, 67, 67, 67, 72, 66, 67, 67, 67, 67, 66, 67, 67, 67, 82, 67, 67, 67, 67, 67, 73, 85, 67, 67, 67, 66, 67, 66, 67, 67, 67, 67, 66, 67, 67, 67, 67, 67, 67, 91], "f2_values": [26351.853168212587, 20810.759078071405, 22023.66544095407, 22180.57301896315, 22098.12137822826, 22180.57301896315, 21670.01863354905, 22091.981583758832, 22180.57301896315, 22180.57301896315, 22084.115600448447, 22180.57301896315, 22091.981583758832, 22100.368456100277, 22180.57301896315, 22119.4875321347, 21104.696523117444, 22084.115600448447, 22084.115600448447, 22180.57301896315, 22180.57301896315, 22180.57301896315, 21771.193497247925, 20984.691623513958, 22180.57301896315, 22180.57301896315, 22033.776432989293, 22025.389560647847, 22180.57301896315, 22030.956394647186, 22180.57301896315, 22084.115600448447, 22084.115600448447, 22129.341469652994, 22091.981583758832, 22033.776432989293, 22180.57301896315, 22180.57301896315, 22071.138388030635, 22090.257464065056, 22180.57301896315, 20357.930161528056], "is_eligible_solution": [true, true, true, true, true, true, true, true, true, true, true, true, true, true, true, true, true, true, true, true, true, true, true, true, true, true, true, true, true, true, true, true, true, true, true, true, true, true, true, true, true, true]}