{"f1_values": [47.0, 100, 66, 67, 70, 67, 69, 67, 66, 77, 67, 67, 73, 67, 67, 66, 67, 73, 67, 66, 67, 67, 67, 66, 66, 70, 67, 66, 67, 67, 67, 72], "f2_values": [26351.853168212587, 21244.626023013025, 22091.981583758832, 22139.673750568596, 21881.200111984923, 22180.57301896315, 21959.165528890495, 22084.115600448447, 22041.274164142767, 21388.64704273295, 22079.00230219384, 22180.57301896315, 21580.72815087448, 22084.115600448447, 22129.341469652994, 22091.406554141562, 22084.115600448447, 21588.67803823496, 22068.89131015862, 22025.389560647847, 22180.57301896315, 22180.57301896315, 22084.115600448447, 22025.389560647847, 22091.406554141562, 21807.315753104678, 22180.57301896315, 22091.981583758832, 22071.138388030635, 22100.368456100277, 22100.575233560638, 21797.337056815588], "is_eligible_solution": [true, true, true, true, true, true, true, true, true, true, true, true, true, true, true, true, true, true, true, true, true, true, true, true, true, true, true, true, true, true, true, true]}