{"f1_values": [47.0, 100, 89, 66, 67, 67, 67, 67, 66, 67, 67, 67, 67, 95, 67, 73, 67, 67, 67, 66, 67, 97], "f2_values": [26351.853168212587, 19650.015388388183, 20654.122446869584, 22012.412348230035, 22180.57301896315, 22180.57301896315, 22180.57301896315, 22129.341469652994, 22091.406554141562, 22014.86413441523, 22071.138388030635, 22180.57301896315, 22084.115600448447, 19905.416543786756, 22180.57301896315, 21724.407994494028, 22084.115600448447, 22100.368456100277, 22129.341469652994, 22091.406554141562, 22139.673750568596, 20134.67689130986], "is_eligible_solution": [true, true, true, true, true, true, true, true, true, true, true, true, true, true, true, true, true, true, true, true, true, true]}